Date,BTC_close,ETH_close,LTC_close,SOL_close,AVAX_close,BNB_close
2021-01-01,29374.15234375,730.3675537109375,126.2303466796875,1.842084050178528,3.664823055267334,37.90501022338867
2021-01-02,32127.267578125,774.5349731445312,136.94488525390625,1.799275040626526,3.4949400424957275,38.24159240722656
2021-01-03,32782.0234375,975.5076904296876,160.19058227539062,2.1617519855499268,3.4729440212249756,41.14897918701172
2021-01-04,31971.9140625,1040.2330322265625,154.8073272705078,2.4850969314575195,3.590243101119995,40.92635345458984
2021-01-05,33992.4296875,1100.006103515625,158.5947723388672,2.157217025756836,4.237411975860596,41.73460006713867
2021-01-06,36824.36328125,1207.1121826171875,169.0169219970703,1.929216980934143,4.620357036590576,42.16595458984375
2021-01-07,39371.04296875,1225.6781005859375,169.61595153808594,2.3727450370788574,4.4766130447387695,43.44948959350586
2021-01-08,40797.609375,1224.1971435546875,173.27987670898438,3.2198870182037354,5.797110080718994,42.39531707763672
2021-01-09,40254.546875,1281.0772705078125,177.4839324951172,3.3853819370269775,7.218531131744385,43.93285369873047
2021-01-10,38356.44140625,1262.2467041015625,171.11483764648438,3.466110944747925,6.586495876312256,42.4484748840332
2021-01-11,35566.65625,1090.1453857421875,139.25222778320312,3.1080899238586426,6.494089126586914,38.371360778808594
2021-01-12,33922.9609375,1043.4345703125,132.6359100341797,3.61339807510376,7.782700061798096,38.111610412597656
2021-01-13,37316.359375,1130.7393798828125,147.4213409423828,3.513782024383545,8.466814994812012,40.13593292236328
2021-01-14,39187.328125,1218.4530029296875,152.08457946777344,3.27816390991211,9.26131534576416,41.79368209838867
2021-01-15,36825.3671875,1171.8345947265625,144.237548828125,3.2501609325408936,9.380011558532717,40.91897964477539
2021-01-16,36178.140625,1233.53759765625,144.2654266357422,3.4470551013946533,12.877918243408203,43.17182540893555
2021-01-17,35791.27734375,1230.1722412109375,142.43081665039062,3.81813907623291,13.20268440246582,45.68461227416992
2021-01-18,36630.07421875,1257.279541015625,152.1440887451172,3.7955150604248047,12.701574325561523,45.353172302246094
2021-01-19,36069.8046875,1377.2958984375,153.4874267578125,3.641865968704224,11.790321350097656,42.7855339050293
2021-01-20,35547.75,1382.2740478515625,149.93142700195312,3.723577976226806,12.411564826965332,42.60689926147461
2021-01-21,30825.69921875,1121.5709228515625,130.1334991455078,2.9905359745025635,11.310115814208984,38.64583969116211
2021-01-22,33005.76171875,1236.51220703125,137.27145385742188,3.346229076385498,12.718835830688477,40.85757064819336
2021-01-23,32067.642578125,1230.9906005859375,137.75099182128906,3.5041120052337646,12.877225875854492,40.81547927856445
2021-01-24,32289.37890625,1391.609375,141.47731018066406,3.634411096572876,12.463919639587402,41.88160705566406
2021-01-25,32366.392578125,1324.414794921875,137.44419860839844,3.699980974197388,12.224095344543455,41.62370300292969
2021-01-26,32569.849609375,1357.05810546875,134.75526428222656,4.04734992980957,12.172889709472656,41.69473648071289
2021-01-27,30432.546875,1253.1871337890625,122.94947052001952,3.690587043762207,11.184797286987305,40.994876861572266
2021-01-28,33466.09765625,1332.4921875,133.4869384765625,3.8220720291137695,12.000269889831545,42.52910614013672
2021-01-29,34316.38671875,1382.5228271484375,135.0125732421875,3.8346760272979736,11.621697425842283,42.85234832763672
2021-01-30,34269.5234375,1376.115478515625,133.4000244140625,4.224276065826416,11.984418869018556,44.77227783203125
2021-01-31,33114.359375,1314.9862060546875,129.57081604003906,4.264143943786621,13.516318321228027,44.27599334716797
2021-02-01,33537.17578125,1369.04052734375,131.95193481445312,4.611601829528809,13.22776985168457,51.607696533203125
2021-02-02,35510.2890625,1515.1937255859375,142.50697326660156,5.267508029937744,13.515045166015623,51.05640411376953
2021-02-03,37472.08984375,1660.9095458984375,155.61203002929688,5.71599006652832,14.805048942565918,52.242637634277344
2021-02-04,36926.06640625,1594.7626953125,145.148193359375,6.426064968109131,15.36817741394043,55.92512512207031
2021-02-05,38144.30859375,1718.65087890625,154.8522186279297,6.681719779968262,17.913799285888672,67.84556579589844
2021-02-06,39266.01171875,1677.8468017578125,155.71473693847656,6.110806941986084,17.97602081298828,72.73359680175781
2021-02-07,38903.44140625,1614.227783203125,151.14007568359375,6.700462818145752,24.207178115844727,68.59052276611328
2021-02-08,46196.46484375,1746.6168212890625,167.21905517578125,7.8832502365112305,30.275327682495117,79.83154296875
2021-02-09,46481.10546875,1768.0350341796875,182.11447143554688,7.816792964935303,31.598886489868164,107.89927673339844
2021-02-10,44918.18359375,1744.243408203125,182.1743927001953,9.072214126586914,55.29847717285156,129.73715209960938
2021-02-11,47909.33203125,1783.7979736328125,184.4960021972656,9.215352058410645,47.37031936645508,124.43425750732422
2021-02-12,47504.8515625,1843.5325927734375,197.2317047119141,9.2470121383667,48.65618133544922,136.94839477539062
2021-02-13,47105.515625,1814.10986328125,226.22760009765625,8.732455253601074,43.787147521972656,133.4526824951172
2021-02-14,48717.2890625,1805.0841064453125,214.4302673339844,8.738896369934082,38.57595443725586,136.426513671875
2021-02-15,47945.05859375,1779.791015625,207.68101501464844,8.861739158630371,38.1765022277832,129.56788635253906
2021-02-16,49199.87109375,1781.0675048828125,210.54656982421875,8.297866821289062,36.33607482910156,130.05665588378906
2021-02-17,52149.0078125,1848.458251953125,236.97352600097656,8.222577095031738,37.052146911621094,164.67010498046875
2021-02-18,51679.796875,1937.44921875,226.8695526123047,8.980451583862305,41.01509094238281,195.93263244628903
2021-02-19,55888.1328125,1960.164794921875,236.6760101318359,11.465653419494627,38.75145721435547,332.61602783203125
2021-02-20,56099.51953125,1919.5340576171875,227.6198883056641,10.002663612365724,36.23386764526367,255.9537353515625
2021-02-21,57539.9453125,1935.60107421875,227.2313537597656,11.0855131149292,36.147972106933594,293.923583984375
2021-02-22,54207.3203125,1781.992919921875,208.10679626464844,14.454785346984863,32.279056549072266,267.5097961425781
2021-02-23,48824.42578125,1570.2039794921875,176.93492126464844,15.2015380859375,27.562902450561523,230.99424743652344
2021-02-24,49705.33203125,1626.57568359375,181.3784942626953,17.30270767211914,29.93597984313965,254.359130859375
2021-02-25,47093.8515625,1475.7037353515625,178.90184020996094,13.816014289855955,26.739532470703125,233.88595581054688
2021-02-26,46339.76171875,1446.03369140625,170.3981475830078,13.58794116973877,25.939809799194336,221.6804351806641
2021-02-27,46188.453125,1459.97314453125,172.10044860839844,13.201168060302734,25.814472198486328,225.2494354248047
2021-02-28,45137.76953125,1416.0489501953125,164.9271697998047,13.08924674987793,23.823219299316406,209.57440185546875
2021-03-01,49631.2421875,1564.7076416015625,175.23789978027344,14.955588340759276,27.403772354125977,254.6299285888672
2021-03-02,48378.98828125,1492.6087646484375,177.8724365234375,13.958921432495115,27.135156631469727,239.5225372314453
2021-03-03,50538.2421875,1575.8531494140625,188.52566528320312,14.115591049194336,27.272077560424805,241.09136962890625
2021-03-04,48561.16796875,1541.914306640625,181.07864379882812,13.097983360290527,25.80517578125,229.945068359375
2021-03-05,48927.3046875,1533.2750244140625,180.76560974121097,12.610443115234377,24.378053665161133,226.37255859375
2021-03-06,48912.3828125,1654.7415771484375,182.98190307617188,13.036458015441896,24.92347717285156,226.66685485839844
2021-03-07,51206.69140625,1723.15380859375,190.7591094970703,13.877732276916504,26.65015411376953,240.17921447753903
2021-03-08,52246.5234375,1834.7279052734375,191.9276885986328,13.602188110351562,25.545988082885746,240.31866455078125
2021-03-09,54824.1171875,1868.048828125,203.6378631591797,14.84631061553955,34.24869918823242,293.4632263183594
2021-03-10,56008.55078125,1799.166259765625,200.5168609619141,14.231083869934082,29.714048385620117,279.3580322265625
2021-03-11,57805.12109375,1826.1949462890625,201.25033569335935,15.992279052734377,30.72899055480957,289.7908020019531
2021-03-12,57332.08984375,1772.1024169921875,220.82940673828125,14.552142143249512,27.989315032958984,263.6858215332031
2021-03-13,61243.0859375,1924.6854248046875,226.5782928466797,15.308802604675291,30.90908432006836,276.1047058105469
2021-03-14,59302.31640625,1854.5643310546875,215.2960968017578,14.50826644897461,29.05876922607422,264.6367492675781
2021-03-15,55907.19921875,1791.7022705078125,201.26461791992188,14.18666172027588,29.017908096313477,254.66082763671875
2021-03-16,56804.90234375,1806.9718017578125,201.04063415527344,13.622773170471191,33.080162048339844,258.1006774902344
2021-03-17,58870.89453125,1823.4493408203125,206.06793212890625,14.220203399658203,32.64582824707031,269.8548583984375
2021-03-18,57858.921875,1782.8551025390625,200.5373077392578,14.230025291442873,33.301387786865234,261.7048034667969
2021-03-19,58346.65234375,1817.6241455078125,201.063720703125,14.204795837402344,37.76497650146485,264.05743408203125
2021-03-20,58313.64453125,1812.6346435546875,200.80642700195312,14.211980819702148,34.34647750854492,264.7416687011719
2021-03-21,57523.421875,1788.217041015625,196.42774963378903,14.332205772399902,32.81172180175781,264.88616943359375
2021-03-22,54529.14453125,1691.333984375,187.0778350830078,14.919293403625488,29.360292434692383,255.9001922607422
2021-03-23,54738.9453125,1678.650146484375,187.3939666748047,14.20483112335205,28.591270446777344,255.68966674804688
2021-03-24,52774.265625,1593.4134521484375,177.6549530029297,13.661297798156738,26.05170249938965,249.85137939453125
2021-03-25,51704.16015625,1595.3592529296875,173.06118774414062,13.02508544921875,25.997766494750977,234.88543701171875
2021-03-26,55137.3125,1702.842041015625,184.27867126464844,14.779420852661133,28.2379093170166,255.1045684814453
2021-03-27,55973.51171875,1716.49462890625,184.8304443359375,16.50832176208496,27.63164520263672,269.1023254394531
2021-03-28,55950.74609375,1691.35595703125,185.0284881591797,18.016233444213867,28.69735336303711,269.1912841796875
2021-03-29,57750.19921875,1819.6849365234375,194.4747772216797,18.854808807373047,29.469568252563477,275.2146301269531
2021-03-30,58917.69140625,1846.03369140625,196.68209838867188,19.233924865722656,29.62527656555176,311.4264831542969
2021-03-31,58918.83203125,1918.362060546875,197.4990997314453,19.465229034423828,28.72896957397461,302.0634460449219
2021-04-01,59095.80859375,1977.27685546875,204.11251831054688,19.084901809692383,28.418750762939453,335.212890625
2021-04-02,59384.3125,2143.2255859375,213.2283935546875,19.810222625732425,29.117610931396484,339.0077209472656
2021-04-03,57603.890625,2028.4224853515625,197.1482086181641,22.552276611328125,28.251848220825195,323.1335144042969
2021-04-04,58758.5546875,2093.122802734375,204.04290771484375,24.061323165893555,29.3297119140625,351.6243896484375
2021-04-05,59057.87890625,2107.88720703125,221.0690460205078,22.984283447265625,31.246593475341797,367.7724914550781
2021-04-06,58192.359375,2118.37890625,237.66490173339844,24.95714569091797,31.55449485778809,403.59075927734375
2021-04-07,56048.9375,1971.0772705078125,219.42367553710935,26.47808074951172,29.47651100158691,374.6588134765625
2021-04-08,58323.953125,2088.57373046875,227.0030212402344,27.03398704528809,30.76403427124023,418.0383911132813
2021-04-09,58245.00390625,2072.10888671875,221.86236572265625,27.778274536132812,31.532609939575195,453.178466796875
2021-04-10,59793.234375,2135.942138671875,255.6201934814453,26.84140396118164,31.803802490234375,472.5603332519531
2021-04-11,60204.96484375,2157.656982421875,253.63446044921875,27.9318904876709,31.60232162475586,525.3855590820312
2021-04-12,59893.453125,2139.353271484375,244.4943695068359,28.512123107910156,33.883968353271484,598.72265625
2021-04-13,63503.45703125,2299.187744140625,266.9814758300781,27.4355525970459,33.67353057861328,549.5865478515625
2021-04-14,63109.6953125,2435.10498046875,279.7484130859375,26.47511100769043,38.462867736816406,549.5918579101562
2021-04-15,63314.01171875,2519.1162109375,286.5906066894531,27.818313598632812,37.143062591552734,542.632080078125
2021-04-16,61572.7890625,2431.946533203125,310.61273193359375,25.39736557006836,35.631317138671875,510.2201843261719
2021-04-17,60683.8203125,2344.89501953125,304.7599182128906,25.09987449645996,34.341453552246094,520.416748046875
2021-04-18,56216.18359375,2237.136962890625,273.09881591796875,32.30291748046875,29.253093719482425,481.03424072265625
2021-04-19,55724.265625,2166.188720703125,261.9192199707031,31.67589569091797,26.28306579589844,505.0929260253906
2021-04-20,56473.03125,2330.2109375,260.94134521484375,31.77005386352539,27.34795379638672,587.0291137695312
2021-04-21,53906.08984375,2364.751708984375,258.80560302734375,32.51304244995117,25.90350341796875,546.0235595703125
2021-04-22,51762.2734375,2403.53515625,253.0783538818359,38.8797607421875,24.034961700439453,506.0130004882813
2021-04-23,51093.65234375,2363.586181640625,241.35877990722656,36.97842025756836,23.498424530029297,526.5652465820312
2021-04-24,50050.8671875,2211.625732421875,224.8357696533203,40.7373161315918,21.777528762817383,496.4150695800781
2021-04-25,49004.25390625,2316.0595703125,223.6328582763672,47.36762619018555,21.543121337890625,505.0770568847656
2021-04-26,54021.75390625,2534.481689453125,247.4059295654297,43.97651672363281,26.459278106689453,534.5776977539062
2021-04-27,55033.1171875,2662.865234375,259.65228271484375,43.2390022277832,27.820369720458984,568.4705200195312
2021-04-28,54824.703125,2746.380126953125,258.5051574707031,44.825984954833984,28.327573776245117,562.632568359375
2021-04-29,53555.109375,2756.876953125,255.58526611328125,42.460540771484375,27.92986488342285,599.70654296875
2021-04-30,57750.17578125,2773.20703125,271.1670837402344,42.95600128173828,32.918373107910156,624.08056640625
2021-05-01,57828.05078125,2945.892822265625,276.8335266113281,49.50802230834961,31.89084243774414,619.3472290039062
2021-05-02,56631.078125,2952.05615234375,269.1043701171875,46.890987396240234,31.304956436157227,622.1010131835938
2021-05-03,57200.29296875,3431.086181640625,294.7040100097656,45.93368911743164,35.93231964111328,675.68408203125
2021-05-04,53333.5390625,3253.62939453125,306.2344970703125,42.72955703735352,30.361431121826172,611.2003173828125
2021-05-05,57424.0078125,3522.783203125,356.0370788574219,44.92357635498047,35.263118743896484,651.6627197265625
2021-05-06,56396.515625,3490.88037109375,353.5103454589844,43.4556770324707,37.98084259033203,633.2803955078125
2021-05-07,57356.40234375,3484.72900390625,346.2535705566406,43.1550178527832,38.04991912841797,624.5632934570312
2021-05-08,58803.77734375,3902.647705078125,346.3687438964844,45.56153106689453,38.32207489013672,646.100830078125
2021-05-09,58232.31640625,3928.8447265625,386.4507751464844,44.330196380615234,39.021636962890625,662.2285766601562
2021-05-10,55859.796875,3952.2939453125,359.3293151855469,42.90963363647461,34.70148849487305,631.3519897460938
2021-05-11,56704.57421875,4168.701171875,377.3887939453125,44.57746887207031,36.82477951049805,672.3339233398438
2021-05-12,49150.53515625,3785.8486328125,303.0848693847656,42.45730972290039,32.0162467956543,588.1851806640625
2021-05-13,49716.19140625,3715.1484375,316.9093322753906,40.99785232543945,34.98023986816406,571.4345092773438
2021-05-14,49880.53515625,4079.057373046875,326.2338562011719,42.717864990234375,36.951202392578125,603.1282958984375
2021-05-15,46760.1875,3638.1220703125,299.77252197265625,43.461307525634766,34.41056442260742,563.0416870117188
2021-05-16,46456.05859375,3587.506103515625,296.6270446777344,47.200828552246094,36.5188102722168,562.829833984375
2021-05-17,43537.51171875,3282.397705078125,281.7693176269531,46.86320495605469,33.662254333496094,511.9643859863281
2021-05-18,42909.40234375,3380.070068359375,294.61932373046875,55.91096115112305,36.82215881347656,508.0223083496094
2021-05-19,37002.44140625,2460.67919921875,189.52017211914065,35.107181549072266,23.38389587402344,339.0254821777344
2021-05-20,40782.73828125,2784.294189453125,212.2761383056641,44.74274826049805,25.19688415527344,393.6127624511719
2021-05-21,37304.69140625,2430.621337890625,180.1970367431641,38.81285095214844,21.801769256591797,326.29632568359375
2021-05-22,37536.6328125,2295.70556640625,169.5945587158203,31.315582275390625,18.851139068603516,299.50408935546875
2021-05-23,34770.58203125,2109.579833984375,143.5193634033203,24.68874740600586,15.756152153015137,262.9456787109375
2021-05-24,38705.98046875,2643.591064453125,183.99412536621097,31.283571243286133,19.410947799682617,345.30963134765625
2021-05-25,38402.22265625,2706.62890625,183.49789428710935,29.99707794189453,19.45080947875977,344.1139831542969
2021-05-26,39294.19921875,2888.69873046875,199.22433471679688,35.539817810058594,20.905675888061523,379.8543090820313
2021-05-27,38436.96875,2736.488525390625,193.12109375,33.584590911865234,19.000335693359375,367.6557922363281
2021-05-28,35697.60546875,2419.90625,177.32066345214844,29.039276123046875,16.73341178894043,329.8799133300781
2021-05-29,34616.06640625,2279.51416015625,163.80810546875,27.376420974731445,16.127492904663086,305.0521545410156
2021-05-30,35678.12890625,2390.305419921875,170.9782257080078,28.602659225463867,16.534385681152344,325.7840270996094
2021-05-31,37332.85546875,2714.9453125,188.03367614746097,32.816246032714844,18.161319732666016,354.329345703125
2021-06-01,36684.92578125,2633.518310546875,182.9806976318359,30.985260009765625,17.773170471191406,362.7946472167969
2021-06-02,37575.1796875,2706.125,187.26397705078125,33.95631790161133,18.677080154418945,401.2623291015625
2021-06-03,39208.765625,2855.12646484375,193.086181640625,39.47090530395508,20.24371337890625,427.8079223632813
2021-06-04,36894.40625,2688.195068359375,178.87200927734375,37.415069580078125,18.247404098510746,391.3953247070313
2021-06-05,35551.95703125,2630.576904296875,173.02871704101562,39.58539962768555,17.250303268432617,390.4318542480469
2021-06-06,35862.37890625,2715.0927734375,176.63943481445312,42.30837631225586,17.400110244750977,393.8202209472656
2021-06-07,33560.70703125,2590.26318359375,161.73280334472656,38.262332916259766,15.522640228271484,357.3102111816406
2021-06-08,33472.6328125,2517.438720703125,161.16107177734375,41.51781463623047,14.868940353393556,354.0013732910156
2021-06-09,37345.12109375,2608.26708984375,172.13865661621094,42.031776428222656,15.38689136505127,375.7346801757813
2021-06-10,36702.59765625,2471.5185546875,168.20306396484375,41.09867477416992,14.17640781402588,352.1831970214844
2021-06-11,37334.3984375,2353.768798828125,162.88052368164062,36.046085357666016,13.418978691101074,345.9336853027344
2021-06-12,35552.515625,2372.484375,162.01486206054688,36.441688537597656,13.55193042755127,343.74102783203125
2021-06-13,39097.859375,2508.3916015625,170.93087768554688,38.77043533325195,14.77556610107422,366.6489562988281
2021-06-14,40218.4765625,2537.89111328125,172.9490966796875,38.71305465698242,14.965835571289062,368.7927551269531
2021-06-15,40406.26953125,2610.936767578125,178.659423828125,41.15364837646485,15.18004322052002,373.566162109375
2021-06-16,38347.0625,2367.66357421875,166.4589385986328,39.703617095947266,14.067678451538086,347.033447265625
2021-06-17,38053.50390625,2372.001953125,167.05569458007812,39.264591217041016,14.832069396972656,352.738525390625
2021-06-18,35787.24609375,2231.733154296875,156.3556365966797,36.64879608154297,13.627870559692385,336.8096923828125
2021-06-19,35615.87109375,2178.4990234375,153.2954559326172,35.35343551635742,13.45772933959961,335.71282958984375
2021-06-20,35698.296875,2246.364501953125,155.09259033203125,35.32201385498047,13.970991134643556,340.06719970703125
2021-06-21,31676.693359375,1888.447509765625,124.78646087646484,26.657400131225582,11.210616111755373,270.98443603515625
2021-06-22,32505.66015625,1874.9500732421875,119.6026840209961,26.7718563079834,10.526581764221191,261.8180847167969
2021-06-23,33723.02734375,1989.736328125,128.67498779296875,30.048887252807617,11.193946838378906,294.49029541015625
2021-06-24,34662.4375,1988.456298828125,134.48460388183594,31.18103408813477,11.482956886291504,308.39703369140625
2021-06-25,31637.779296875,1813.21728515625,125.687744140625,28.698862075805664,10.270669937133787,281.62091064453125
2021-06-26,32186.27734375,1829.2392578125,126.65725708007812,29.712854385375977,10.2755708694458,279.43804931640625
2021-06-27,34649.64453125,1978.8946533203125,132.34788513183594,31.92939186096191,10.919079780578612,290.5670166015625
2021-06-28,34434.3359375,2079.657470703125,137.370849609375,32.92778015136719,11.286295890808104,289.53411865234375
2021-06-29,35867.77734375,2160.768310546875,143.70291137695312,33.86680221557617,11.851420402526855,300.2115478515625
2021-06-30,35040.8359375,2274.547607421875,144.13583374023438,35.55640411376953,11.955547332763672,303.2958679199219
2021-07-01,33572.1171875,2113.60546875,137.57752990722656,33.40403366088867,11.22981071472168,288.2184143066406
2021-07-02,33897.046875,2150.040283203125,136.94369506835938,34.02048110961914,11.132654190063477,287.423095703125
2021-07-03,34668.546875,2226.1142578125,140.27969360351562,34.478816986083984,11.503907203674316,298.23712158203125
2021-07-04,35287.78125,2321.72412109375,144.90585327148438,34.31060028076172,12.350099563598633,307.7320861816406
2021-07-05,33746.00390625,2198.58251953125,138.0732421875,32.984588623046875,12.026809692382812,302.37799072265625
2021-07-06,34235.1953125,2324.679443359375,138.9856414794922,34.26913833618164,13.357434272766112,320.934814453125
2021-07-07,33855.328125,2315.161865234375,137.3712158203125,36.59136962890625,13.08975315093994,327.5224609375
2021-07-08,32877.37109375,2120.0263671875,132.30850219726562,33.20372772216797,12.119664192199709,310.4271240234375
2021-07-09,33798.01171875,2146.6923828125,134.57159423828125,33.2646484375,12.54416847229004,316.4845275878906
2021-07-10,33520.51953125,2111.403564453125,133.98728942871094,31.788644790649418,12.025736808776855,316.14013671875
2021-07-11,34240.1875,2139.664794921875,134.24583435058594,32.17784118652344,12.41366481781006,322.0316467285156
2021-07-12,33155.84765625,2036.7210693359375,133.5381317138672,30.848087310791016,12.186532974243164,316.32818603515625
2021-07-13,32702.025390625,1940.083984375,131.32180786132812,29.12118911743164,11.914669036865234,308.8111572265625
2021-07-14,32822.34765625,1994.331298828125,131.06260681152344,31.2810001373291,11.792096138000488,309.4063720703125
2021-07-15,31780.73046875,1911.1756591796875,125.49156188964844,28.45210075378418,11.349885940551758,315.2440185546875
2021-07-16,31421.5390625,1880.3829345703125,121.04105377197266,26.37000846862793,10.860897064208984,302.985595703125
2021-07-17,31533.068359375,1898.8251953125,120.0270767211914,26.721668243408203,10.927745819091797,300.4979248046875
2021-07-18,31796.810546875,1895.5521240234375,119.51201629638672,26.751909255981445,10.70465087890625,302.4804992675781
2021-07-19,30817.83203125,1817.296630859375,113.16480255126952,24.44757652282715,10.16976833343506,280.01861572265625
2021-07-20,29807.34765625,1787.5107421875,107.39948272705078,23.48955535888672,9.650588035583496,264.7823791503906
2021-07-21,32110.693359375,1990.9708251953125,117.45989227294922,26.62307929992676,10.420524597167969,292.5313720703125
2021-07-22,32313.10546875,2025.2027587890625,120.7357940673828,27.70208168029785,10.828587532043455,293.6411437988281
2021-07-23,33581.55078125,2124.776611328125,124.2494125366211,28.513879776000977,11.099355697631836,299.2829895019531
2021-07-24,34292.4453125,2189.21875,126.1886749267578,28.702619552612305,11.17281723022461,302.0718688964844
2021-07-25,35350.1875,2191.373779296875,127.59797668457033,28.168773651123047,11.2407865524292,302.4361572265625
2021-07-26,37337.53515625,2233.36669921875,131.36248779296875,28.306642532348633,11.492170333862305,304.4782409667969
2021-07-27,39406.94140625,2298.33349609375,134.6178741455078,28.065326690673828,11.91977310180664,313.60260009765625
2021-07-28,39995.90625,2296.54541015625,139.83660888671875,27.815410614013672,12.25692653656006,313.42864990234375
2021-07-29,40008.421875,2380.956787109375,141.3212890625,31.281137466430664,12.41838264465332,316.74945068359375
2021-07-30,42235.546875,2466.96142578125,145.7750244140625,32.393943786621094,13.002365112304688,322.90936279296875
2021-07-31,41626.1953125,2536.2099609375,144.93321228027344,36.82731246948242,13.591609001159668,333.5495910644531
2021-08-01,39974.89453125,2561.85205078125,140.73553466796875,34.25436019897461,12.877431869506836,333.4840087890625
2021-08-02,39201.9453125,2610.1533203125,141.50550842285156,33.22241973876953,13.006891250610352,331.1031188964844
2021-08-03,38152.98046875,2502.349609375,138.2908477783203,33.99644088745117,12.53329372406006,322.74774169921875
2021-08-04,39747.50390625,2724.619873046875,142.623046875,35.76362609863281,13.679924964904783,334.9187927246094
2021-08-05,40869.5546875,2827.328857421875,143.43597412109375,37.35513687133789,13.834280967712402,337.8738708496094
2021-08-06,42816.5,2890.941650390625,147.8009490966797,39.446102142333984,14.725431442260742,342.1369934082031
2021-08-07,44555.80078125,3157.23876953125,155.86477661132812,39.403472900390625,15.761190414428713,355.7413635253906
2021-08-08,43798.1171875,3013.732666015625,149.8477325439453,37.673824310302734,14.814119338989258,342.06475830078125
2021-08-09,46365.40234375,3167.856201171875,166.516357421875,38.767784118652344,16.2318058013916,354.9668273925781
2021-08-10,45585.03125,3141.691162109375,165.46041870117188,40.63979721069336,16.44843864440918,371.9543762207031
2021-08-11,45593.63671875,3164.2451171875,170.93594360351562,41.74411392211914,16.74867820739746,391.7570495605469
2021-08-12,44428.2890625,3043.414306640625,165.1310272216797,41.099361419677734,16.569053649902344,385.8189697265625
2021-08-13,47793.3203125,3322.211669921875,183.2860870361328,44.894500732421875,18.04875373840332,410.94488525390625
2021-08-14,47096.9453125,3265.443359375,182.71127319335935,44.112850189208984,18.067649841308594,409.0344848632813
2021-08-15,47047.00390625,3310.504150390625,184.904296875,53.74515914916992,18.795135498046875,414.5950317382813
2021-08-16,46004.484375,3156.509521484375,178.8544921875,62.432464599609375,19.18263053894043,417.4708557128906
2021-08-17,44695.359375,3014.845947265625,168.84263610839844,64.21070861816406,23.529998779296875,401.9089050292969
2021-08-18,44801.1875,3020.08984375,167.3966064453125,72.5433120727539,29.89081382751465,398.25146484375
2021-08-19,46717.578125,3182.7021484375,175.493408203125,72.75760650634766,30.634273529052734,430.9888610839844
2021-08-20,49339.17578125,3286.935302734375,183.62852478027344,78.72461700439453,39.185302734375,454.9363098144531
2021-08-21,48905.4921875,3226.083984375,179.73614501953125,73.75621032714844,43.78691101074219,448.9202575683594
2021-08-22,49321.65234375,3242.115478515625,186.31309509277344,72.80391693115234,43.53219985961914,449.0534973144531
2021-08-23,49546.1484375,3319.25732421875,187.10643005371097,75.70803833007812,46.450531005859375,499.8905944824219
2021-08-24,47706.1171875,3172.456298828125,173.57681274414062,70.67090606689453,55.34585189819336,471.595458984375
2021-08-25,48960.7890625,3224.915283203125,177.6032257080078,71.95156860351562,46.1151237487793,502.7862548828125
2021-08-26,46942.21875,3100.325439453125,168.08558654785156,75.31620788574219,41.420753479003906,479.006103515625
2021-08-27,49058.66796875,3270.600830078125,175.98440551757812,88.08698272705078,50.077789306640625,494.4986877441406
2021-08-28,48902.40234375,3244.4033203125,175.45408630371094,96.7031707763672,50.19713592529297,486.1969299316406
2021-08-29,48829.83203125,3227.002685546875,174.7042236328125,94.46967315673828,47.50910568237305,480.2830200195313
2021-08-30,47054.984375,3224.374267578125,167.42466735839844,110.54480743408205,41.325077056884766,459.4907531738281
2021-08-31,47166.6875,3433.732666015625,171.6592254638672,108.48377227783205,39.48735046386719,464.4187316894531
2021-09-01,48847.02734375,3834.828125,180.97216796875,111.0330047607422,41.931602478027344,490.0687255859375
2021-09-02,49327.72265625,3790.989990234375,183.61724853515625,128.10238647460938,47.755916595458984,483.9210510253906
2021-09-03,50025.375,3940.61474609375,212.96597290039065,146.5830535888672,45.91118240356445,488.6047058105469
2021-09-04,49944.625,3887.828369140625,212.35845947265625,139.11306762695312,47.143165588378906,498.0784301757813
2021-09-05,51753.41015625,3952.133544921875,231.333984375,142.0708770751953,48.178924560546875,504.619873046875
2021-09-06,52633.53515625,3928.37939453125,219.52577209472656,164.38092041015625,47.04298782348633,495.9250183105469
2021-09-07,46811.12890625,3426.394287109375,178.11439514160156,173.14892578125,37.59894943237305,417.5087890625
2021-09-08,46091.390625,3497.315185546875,179.72467041015625,191.04139709472656,37.05140686035156,415.1131591796875
2021-09-09,46391.421875,3427.340087890625,180.37680053710935,188.19580078125,40.772613525390625,421.27001953125
2021-09-10,44883.91015625,3211.505859375,174.29603576660156,179.865234375,49.18913650512695,401.6217956542969
2021-09-11,45201.45703125,3270.278076171875,178.68856811523438,178.8678741455078,57.16424560546875,405.5273742675781
2021-09-12,46063.26953125,3410.134521484375,183.23448181152344,174.53762817382812,59.259429931640625,416.6832275390625
2021-09-13,44963.07421875,3285.51171875,179.48394775390625,169.26954650878906,53.11015319824219,399.0634460449219
2021-09-14,47092.4921875,3429.169677734375,183.1390686035156,158.09481811523438,51.57811737060547,414.2362365722656
2021-09-15,48176.34765625,3615.28271484375,189.23941040039065,159.1173858642578,57.62539291381836,431.4230346679687
2021-09-16,47783.359375,3571.294921875,185.53807067871097,152.47406005859375,67.84269714355469,424.6492309570313
2021-09-17,47267.51953125,3398.538818359375,179.68408203125,147.5930633544922,69.93401336669922,406.6328125
2021-09-18,48278.36328125,3432.018310546875,181.30886840820312,169.18421936035156,69.01238250732422,410.8092956542969
2021-09-19,47260.21875,3329.447998046875,175.7406005859375,152.51669311523438,70.07572174072266,408.4716491699219
2021-09-20,42843.80078125,2958.993408203125,156.46401977539062,132.13446044921875,56.67792892456055,361.9659118652344
2021-09-21,40693.67578125,2764.43115234375,148.38987731933594,123.9503936767578,59.017356872558594,344.53460693359375
2021-09-22,43574.5078125,3077.867919921875,161.41200256347656,147.92425537109375,74.1870346069336,379.4403381347656
2021-09-23,44895.09765625,3155.523681640625,163.81834411621094,149.75357055664062,76.41905975341797,383.8204040527344
2021-09-24,42839.75,2931.669189453125,152.2317352294922,139.39564514160156,72.40190124511719,355.3162841796875
2021-09-25,42716.59375,2925.565673828125,151.18145751953125,136.17892456054688,68.38166046142578,349.8800964355469
2021-09-26,43208.5390625,3062.265380859375,150.640869140625,135.69937133789062,66.86196899414062,344.1817626953125
2021-09-27,42235.73046875,2934.138916015625,145.34957885742188,136.72842407226562,66.50875854492188,336.19122314453125
2021-09-28,41034.54296875,2807.296630859375,140.5971221923828,131.53721618652344,61.51771926879883,333.0325927734375
2021-09-29,41564.36328125,2853.143310546875,144.9186248779297,135.35145568847656,65.52000427246094,367.9895935058594
2021-09-30,43790.89453125,3001.678955078125,153.1479949951172,141.0690460205078,66.76588439941406,387.0573425292969
2021-10-01,48116.94140625,3307.51611328125,166.1322021484375,161.682373046875,67.57039642333984,421.6431884765625
2021-10-02,47711.48828125,3391.6943359375,169.25892639160156,169.093017578125,69.22048950195312,428.0983276367187
2021-10-03,48199.953125,3418.358642578125,170.60997009277344,172.5891571044922,68.717041015625,430.5088195800781
2021-10-04,49112.90234375,3380.089111328125,167.54014587402344,166.73191833496094,65.15984344482422,425.7489013671875
2021-10-05,51514.8125,3518.5185546875,173.89108276367188,164.11582946777344,64.65011596679688,442.7061462402344
2021-10-06,55361.44921875,3580.56201171875,178.70567321777344,154.1077423095703,60.11407470703125,435.4013671875
2021-10-07,53805.984375,3587.974853515625,178.771728515625,154.28118896484375,61.48835372924805,438.7617492675781
2021-10-08,53967.84765625,3563.75927734375,175.97238159179688,158.94920349121094,60.520225524902344,419.10205078125
2021-10-09,54968.22265625,3575.716796875,179.65866088867188,156.82583618164062,60.56625747680664,421.5494689941406
2021-10-10,54771.578125,3425.852783203125,175.31857299804688,148.0487060546875,56.59357452392578,405.0693054199219
2021-10-11,57484.7890625,3545.35400390625,179.42605590820312,144.85813903808594,55.30461120605469,413.4562072753906
2021-10-12,56041.05859375,3492.5732421875,172.79776000976562,152.73712158203125,54.35797119140625,443.8675231933594
2021-10-13,57401.09765625,3606.20166015625,177.62832641601562,148.17604064941406,55.152488708496094,470.7496948242187
2021-10-14,57321.5234375,3786.01416015625,180.11839294433594,149.75680541992188,56.08110427856445,472.02239990234375
2021-10-15,61593.94921875,3862.634765625,188.8141326904297,162.59620666503906,56.2510871887207,473.70263671875
2021-10-16,60892.1796875,3830.382080078125,186.18930053710935,157.538818359375,57.48309326171875,465.6424560546875
2021-10-17,61553.6171875,3847.1044921875,183.73052978515625,159.74380493164062,56.07736587524414,470.62554931640625
2021-10-18,62026.078125,3748.76025390625,185.55674743652344,157.2312774658203,55.474483489990234,485.1110229492187
2021-10-19,64261.9921875,3877.65087890625,188.9398193359375,156.01702880859375,56.81697463989258,488.14886474609375
2021-10-20,65992.8359375,4155.9921875,206.87078857421875,175.94686889648438,59.55984115600586,501.0203247070313
2021-10-21,62210.171875,4054.32275390625,196.8691864013672,190.3184356689453,61.309810638427734,471.2569274902344
2021-10-22,60692.265625,3970.181884765625,190.82228088378903,196.43153381347656,65.45528411865234,478.6431579589844
2021-10-23,61393.6171875,4171.66357421875,196.30950927734375,197.703857421875,65.45916748046875,485.9064331054687
2021-10-24,60930.8359375,4087.903076171875,190.9056854248047,202.3619842529297,64.51839447021484,476.6331176757813
2021-10-25,63039.82421875,4217.876953125,195.299560546875,210.1042938232422,69.82469177246094,484.64508056640625
2021-10-26,60363.79296875,4131.10205078125,197.4688720703125,199.8072509765625,68.87113189697266,478.0250549316406
2021-10-27,58482.38671875,3930.25732421875,179.33412170410156,183.77459716796875,61.51663589477539,449.0079956054687
2021-10-28,60622.13671875,4287.31884765625,189.9776306152344,194.86398315429688,64.4300765991211,492.0155334472656
2021-10-29,62227.96484375,4414.74658203125,196.34471130371097,200.18275451660156,64.77246856689453,529.6221313476562
2021-10-30,61888.83203125,4325.650390625,190.4823455810547,195.4160614013672,62.41526794433594,527.9212036132812
2021-10-31,61318.95703125,4288.07421875,191.81637573242188,202.4210205078125,64.28780364990234,524.3644409179688
2021-11-01,61004.40625,4324.626953125,197.55499267578125,203.5450897216797,65.07251739501953,551.2559204101562
2021-11-02,63226.40234375,4584.798828125,200.7246856689453,220.23959350585935,67.58455657958984,554.4476318359375
2021-11-03,62970.046875,4607.19384765625,207.11013793945312,242.89881896972656,75.430419921875,568.5787963867188
2021-11-04,61452.23046875,4537.32421875,202.96798706054688,247.3877716064453,79.29322052001953,559.7373046875
2021-11-05,61125.67578125,4486.2431640625,199.53793334960935,236.47433471679688,74.36473846435547,608.6480712890625
2021-11-06,61527.48046875,4521.5810546875,197.86636352539065,258.934326171875,78.6852035522461,636.1139526367188
2021-11-07,63326.98828125,4620.5546875,202.0513153076172,249.823486328125,87.7054214477539,650.4540405273438
2021-11-08,67566.828125,4812.08740234375,228.6961975097656,248.46717834472656,91.18478393554688,654.3150024414062
2021-11-09,66971.828125,4735.06884765625,262.9067077636719,239.213134765625,88.45486450195312,635.1906127929688
2021-11-10,64995.23046875,4636.17431640625,261.2629699707031,233.7795257568359,85.29527282714844,615.278076171875
2021-11-11,64949.9609375,4730.38427734375,263.0867004394531,234.24075317382812,88.06133270263672,629.892333984375
2021-11-12,64155.94140625,4667.115234375,251.5583648681641,228.50209045410156,84.72491455078125,626.6425170898438
2021-11-13,64469.52734375,4651.46044921875,258.09320068359375,241.8250274658203,97.26046752929688,650.1041259765625
2021-11-14,65466.83984375,4626.35888671875,278.00750732421875,238.4255218505859,95.4035415649414,650.9180908203125
2021-11-15,63557.87109375,4557.50390625,262.7633972167969,237.55360412597656,93.55023193359376,633.0486450195312
2021-11-16,60161.24609375,4216.365234375,230.59942626953125,219.2390289306641,97.97557067871094,589.8228759765625
2021-11-17,60368.01171875,4287.59375,229.5041046142578,218.7152404785156,107.80207824707033,578.0927734375
2021-11-18,56942.13671875,4000.65087890625,204.42291259765625,195.48741149902344,100.25276947021484,532.2376098632812
2021-11-19,58119.578125,4298.306640625,218.1385803222656,215.2800140380859,112.0235595703125,581.5308227539062
2021-11-20,59697.1953125,4409.93115234375,227.07960510253903,218.01527404785156,125.7706298828125,603.8400268554688
2021-11-21,58730.4765625,4269.73291015625,221.77194213867188,231.2826232910156,128.59982299804688,585.2942504882812
2021-11-22,56289.2890625,4088.457763671875,209.15802001953125,215.73727416992188,134.53103637695312,559.1270141601562
2021-11-23,57569.07421875,4340.763671875,216.38897705078125,221.83689880371097,123.83104705810548,591.4395751953125
2021-11-24,56280.42578125,4239.9814453125,209.8065948486328,214.92153930664065,120.22818756103516,581.3953247070312
2021-11-25,57274.6796875,4274.7431640625,215.63497924804688,206.25299072265625,122.64852905273438,603.730224609375
2021-11-26,53569.765625,4030.908935546875,194.87464904785156,191.51174926757812,103.82958221435548,585.1473388671875
2021-11-27,54815.078125,4096.912109375,195.17442321777344,193.10215759277344,113.27664947509766,600.3367919921875
2021-11-28,57248.45703125,4294.45361328125,199.35421752929688,200.67665100097656,110.58901977539062,611.3668212890625
2021-11-29,57806.56640625,4445.10498046875,205.8702087402344,204.31936645507812,120.25830078125,624.31005859375
2021-11-30,57005.42578125,4631.47900390625,208.01454162597656,208.6709899902344,120.34369659423828,622.6698608398438
2021-12-01,57229.828125,4586.990234375,208.97125244140625,229.7992401123047,119.75084686279295,627.9715576171875
2021-12-02,56477.81640625,4511.30224609375,203.4896240234375,233.9930419921875,107.86654663085938,619.4701538085938
2021-12-03,53598.24609375,4220.7060546875,188.09971618652344,211.22439575195312,108.13784790039062,594.635986328125
2021-12-04,49200.703125,4119.58740234375,163.05270385742188,201.1248321533203,92.88023376464844,569.0772705078125
2021-12-05,49368.84765625,4198.32275390625,156.4097900390625,196.1682586669922,85.79002380371094,557.7830810546875
2021-12-06,50582.625,4358.7373046875,161.8865203857422,194.19921875,93.31929779052734,589.2561645507812
2021-12-07,50700.0859375,4315.0615234375,162.29286193847656,190.5969085693359,89.95217895507812,579.6898803710938
2021-12-08,50504.796875,4439.35791015625,165.2234649658203,194.6217041015625,93.22105407714844,607.5927734375
2021-12-09,47672.12109375,4119.81591796875,151.79530334472656,181.17808532714844,85.4617691040039,571.6489868164062
2021-12-10,47243.3046875,3908.49609375,148.59829711914062,167.954833984375,80.73967742919922,552.9668579101562
2021-12-11,49362.5078125,4084.452392578125,158.0419158935547,171.94949340820312,86.39281463623047,564.322509765625
2021-12-12,50098.3359375,4134.453125,159.20396423339844,173.43167114257812,88.10911560058594,570.823974609375
2021-12-13,46737.48046875,3784.226806640625,144.53590393066406,155.2130584716797,79.14962768554688,521.0115966796875
2021-12-14,46612.6328125,3745.4404296875,146.0780029296875,153.34144592285156,87.31190490722656,511.2293701171875
2021-12-15,48896.72265625,4018.388671875,153.51541137695312,178.34078979492188,101.18144989013672,541.0269775390625
2021-12-16,47665.42578125,3962.4697265625,148.9417266845703,176.9546661376953,98.40188598632812,526.2465209960938
2021-12-17,46202.14453125,3879.486572265625,144.33840942382812,175.5032958984375,111.0087661743164,525.706298828125
2021-12-18,46848.77734375,3960.860107421875,148.80140686035156,182.8351287841797,116.0168685913086,533.891357421875
2021-12-19,46707.015625,3922.592529296875,153.07763671875,180.09805297851562,107.6737823486328,529.9720458984375
2021-12-20,46880.27734375,3933.844482421875,152.62867736816406,173.67178344726562,113.40851593017578,523.1624755859375
2021-12-21,48936.61328125,4020.260009765625,154.92709350585938,180.09254455566406,123.33294677734376,528.7109985351562
2021-12-22,48628.51171875,3982.099609375,155.46749877929688,178.5971221923828,116.47735595703124,533.6449584960938
2021-12-23,50784.5390625,4108.015625,163.44949340820312,190.03631591796875,121.20996856689452,548.725830078125
2021-12-24,50822.1953125,4047.98291015625,161.42103576660156,190.273193359375,114.97645568847656,541.9020385742188
2021-12-25,50429.859375,4093.281005859375,157.7855987548828,193.1209259033203,115.03192901611328,547.3262329101562
2021-12-26,50809.515625,4067.328125,155.99234008789062,198.000732421875,115.21482849121094,546.9949951171875
2021-12-27,50640.41796875,4037.547607421875,155.8812255859375,195.42950439453125,113.59861755371094,562.6414794921875
2021-12-28,47588.85546875,3800.89306640625,145.88687133789062,177.42562866210938,107.21561431884766,534.9280395507812
2021-12-29,46444.7109375,3628.53173828125,145.5126190185547,170.65756225585938,102.99812316894533,514.0007934570312
2021-12-30,47178.125,3713.85205078125,148.2860107421875,172.75119018554688,101.92827606201172,518.9097290039062
2021-12-31,46306.4453125,3682.6328125,146.51473999023438,170.299072265625,109.2704849243164,511.7083129882813
2022-01-01,47686.8125,3769.697021484375,150.6974334716797,178.5179443359375,114.15801239013672,527.3527221679688
2022-01-02,47345.21875,3829.56494140625,151.2554931640625,176.38284301757812,113.18633270263672,531.3966674804688
2022-01-03,46458.1171875,3761.38037109375,148.4615936279297,170.29774475097656,108.14521026611328,512.135986328125
2022-01-04,45897.57421875,3794.056640625,146.81228637695312,167.93890380859375,103.23924255371094,507.506103515625
2022-01-05,43569.00390625,3550.386962890625,136.089111328125,155.0997314453125,97.85257720947266,475.0569458007813
2022-01-06,43160.9296875,3418.408203125,136.5037841796875,150.4313507080078,95.19853973388672,473.2756042480469
2022-01-07,41557.90234375,3193.21044921875,131.4884490966797,136.40281677246094,86.76771545410156,447.7884826660156
2022-01-08,41733.94140625,3091.97265625,130.13748168945312,142.51345825195312,84.05683898925781,430.24615478515625
2022-01-09,41911.6015625,3157.75146484375,131.29832458496094,140.83900451660156,89.20655822753906,438.8030700683594
2022-01-10,41821.26171875,3083.097900390625,126.83382415771484,135.95494079589844,84.5326156616211,424.9337768554687
2022-01-11,42735.85546875,3238.111572265625,131.54498291015625,140.18385314941406,89.50181579589844,463.518310546875
2022-01-12,43949.1015625,3372.25830078125,141.73719787597656,151.70310974121094,95.8235092163086,487.0074157714844
2022-01-13,42591.5703125,3248.28857421875,136.6365203857422,146.01004028320312,89.40788269042969,475.0291137695313
2022-01-14,43099.69921875,3310.00146484375,144.72491455078125,146.15902709960938,90.3405303955078,489.867431640625
2022-01-15,43177.3984375,3330.53076171875,147.93740844726562,147.80117797851562,93.3158187866211,494.9880676269531
2022-01-16,43113.87890625,3350.921875,146.533203125,147.8565216064453,92.23979949951172,498.4279174804687
2022-01-17,42250.55078125,3212.304931640625,151.66726684570312,139.92601013183594,86.75066375732422,475.7098693847656
2022-01-18,42375.6328125,3164.025146484375,141.89076232910156,141.58718872070312,86.01341247558594,472.0050659179687
2022-01-19,41744.328125,3095.825927734375,136.9167022705078,135.79238891601562,82.90330505371094,462.8220825195313
2022-01-20,40680.41796875,3001.1201171875,130.36500549316406,127.20528411865234,79.0684585571289,440.00543212890625
2022-01-21,36457.31640625,2557.931640625,114.3918685913086,111.96605682373048,65.92256164550781,383.0739135742187
2022-01-22,35030.25,2405.18115234375,108.42849731445312,94.1783676147461,59.72904968261719,358.0961608886719
2022-01-23,36276.8046875,2535.0390625,112.08950805664062,99.5782241821289,64.72541046142578,383.9339599609375
2022-01-24,36654.328125,2440.352294921875,109.5915985107422,91.65016174316406,62.87763214111328,371.3689575195313
2022-01-25,36954.00390625,2455.93505859375,108.06637573242188,94.72035217285156,67.90058898925781,384.6193542480469
2022-01-26,36852.12109375,2468.0302734375,107.2821807861328,92.23804473876952,65.99578857421875,375.7554626464844
2022-01-27,37138.234375,2423.001220703125,106.9535140991211,89.63249206542969,64.69680786132812,390.0882873535156
2022-01-28,37784.33203125,2547.092041015625,109.43273162841795,91.31289672851562,67.12731170654297,386.0843811035156
2022-01-29,38138.1796875,2597.084716796875,110.82367706298828,96.2234878540039,72.12027740478516,389.1327819824219
2022-01-30,37917.6015625,2603.466552734375,108.79985809326172,93.29767608642578,67.97378540039062,377.6129150390625
2022-01-31,38483.125,2688.27880859375,109.58769989013672,99.73883819580078,69.99242401123047,375.2773132324219
2022-02-01,38743.2734375,2792.1171875,115.4020004272461,109.9789810180664,73.44881439208984,385.46380615234375
2022-02-02,36952.984375,2682.85400390625,108.55602264404295,101.8376007080078,67.87997436523438,367.4716796875
2022-02-03,37154.6015625,2679.16259765625,110.28700256347656,101.45903778076172,68.10771942138672,370.8777465820313
2022-02-04,41500.875,2983.5869140625,120.91803741455078,112.17424774169922,77.31163787841797,399.0296020507813
2022-02-05,41441.1640625,3014.648193359375,121.91674041748048,113.89430236816406,77.2494888305664,414.2000122070313
2022-02-06,42412.43359375,3057.47607421875,127.44550323486328,115.2997589111328,78.75726318359375,419.5455627441406
2022-02-07,43840.28515625,3142.470703125,137.10739135742188,117.35514831542967,83.16699981689453,433.2292785644531
2022-02-08,44118.4453125,3122.608642578125,133.99124145507812,113.5954818725586,86.62419891357422,408.7767639160156
2022-02-09,44338.796875,3239.45703125,140.17160034179688,114.01937866210938,90.02086639404297,422.4655456542969
2022-02-10,43565.11328125,3077.482177734375,135.08839416503906,106.20280456542967,91.13622283935548,415.1192321777344
2022-02-11,42407.9375,2927.383544921875,126.03115844726562,96.3818817138672,81.73299407958984,400.4223937988281
2022-02-12,42244.46875,2917.36279296875,126.68367767333984,95.91820526123048,81.24567413330078,403.3897399902344
2022-02-13,42197.515625,2883.46337890625,126.20421600341795,93.24410247802734,78.24311828613281,398.88677978515625
2022-02-14,42586.91796875,2933.47900390625,124.80005645751952,96.43327331542967,82.01966857910156,403.6607971191406
2022-02-15,44575.203125,3179.877197265625,131.7626190185547,104.87330627441406,92.67250061035156,432.4093933105469
2022-02-16,43961.859375,3127.830078125,128.1608428955078,101.93289947509766,95.34611511230467,427.9181213378906
2022-02-17,40538.01171875,2881.48193359375,116.30241394042967,93.4104232788086,88.12377166748047,402.4500427246094
2022-02-18,40030.9765625,2785.7275390625,115.19709014892578,90.06546020507812,83.83697509765625,399.5691833496094
2022-02-19,40122.15625,2763.701171875,115.7090072631836,91.49665069580078,85.09931945800781,400.0435791015625
2022-02-20,38431.37890625,2628.6484375,110.83203887939452,90.9014129638672,77.33678436279297,380.825927734375
2022-02-21,37075.28125,2573.816162109375,103.45049285888672,83.12316131591797,69.98892974853516,356.6612548828125
2022-02-22,38286.02734375,2639.29931640625,107.52279663085938,86.46538543701172,74.57435607910156,374.3074645996094
2022-02-23,37296.5703125,2590.359619140625,105.96595001220705,84.90278625488281,73.6986312866211,366.53948974609375
2022-02-24,38332.609375,2598.067138671875,104.2304916381836,89.19474792480469,76.52396392822266,361.2346496582031
2022-02-25,39214.21875,2764.53564453125,109.2663116455078,92.59882354736328,80.8326187133789,374.9149475097656
2022-02-26,39105.1484375,2781.11181640625,108.24365997314452,90.14156341552734,81.87970733642578,373.6387634277344
2022-02-27,37709.78515625,2621.8017578125,103.10559844970705,85.51905059814453,74.9911880493164,360.5310363769531
2022-02-28,43193.234375,2919.201171875,113.47457885742188,99.52034759521484,84.3392333984375,395.6124267578125
2022-03-01,44354.63671875,2972.485107421875,112.5440444946289,98.65355682373048,86.73593139648438,408.4822998046875
2022-03-02,43924.1171875,2950.118408203125,110.35135650634766,100.6496353149414,83.29166412353516,409.0003051757813
2022-03-03,42451.7890625,2834.468994140625,111.35211944580078,95.53919982910156,78.55764770507812,402.5506896972656
2022-03-04,39137.60546875,2617.156005859375,101.3917999267578,88.24597930908203,75.65424346923828,374.2808837890625
2022-03-05,39400.5859375,2664.8310546875,104.97718811035156,89.64784240722656,76.72742462158203,384.8733520507813
2022-03-06,38419.984375,2555.037353515625,101.59391784667967,84.54218292236328,72.52902221679688,375.0111999511719
2022-03-07,38062.0390625,2497.771240234375,98.8692626953125,82.13006591796875,71.88053894042969,381.3446350097656
2022-03-08,38737.26953125,2576.74755859375,100.61764526367188,82.2547607421875,72.9183578491211,381.95855712890625
2022-03-09,41982.92578125,2729.783447265625,106.9420928955078,88.20206451416016,77.71604919433594,393.5557556152344
2022-03-10,39437.4609375,2608.048583984375,102.65550994873048,82.9390869140625,74.00409698486328,372.1590270996094
2022-03-11,38794.97265625,2559.56298828125,104.9653549194336,80.7449951171875,71.2354736328125,372.1840515136719
2022-03-12,38904.01171875,2574.754150390625,105.8323974609375,81.55381774902344,71.002197265625,372.7303771972656
2022-03-13,37849.6640625,2518.944580078125,102.11479949951172,78.93607330322266,68.07599639892578,361.8498229980469
2022-03-14,39666.75390625,2590.696044921875,105.67365264892578,81.17333984375,68.89183807373047,373.4661560058594
2022-03-15,39338.78515625,2620.149658203125,106.9885711669922,82.95508575439453,69.88738250732422,371.62884521484375
2022-03-16,41143.9296875,2772.0556640625,111.35919189453124,87.90362548828125,74.18374633789062,385.5282287597656
2022-03-17,40951.37890625,2814.8544921875,110.31023406982422,87.87684631347656,79.53851318359375,391.8247375488281
2022-03-18,41801.15625,2945.343017578125,112.1158676147461,89.82203674316406,85.76238250732422,397.6455078125
2022-03-19,42190.65234375,2946.257080078125,116.3732681274414,92.41815185546876,89.69412231445312,399.8535461425781
2022-03-20,41247.82421875,2860.459228515625,114.82913970947266,88.61486053466797,84.72430419921875,390.7683715820313
2022-03-21,41077.99609375,2897.9765625,116.15872955322266,88.7572021484375,86.44969940185547,396.44781494140625
2022-03-22,42358.80859375,2973.131103515625,122.92796325683594,90.51296997070312,83.9814453125,404.31494140625
2022-03-23,42892.95703125,3031.067138671875,122.47541809082033,95.1026840209961,86.25101470947266,408.6097717285156
2022-03-24,43960.93359375,3108.06201171875,126.5812759399414,102.22369384765624,87.55538940429688,414.1269836425781
2022-03-25,44348.73046875,3106.67138671875,124.06736755371094,98.6581039428711,83.66136932373047,410.8111572265625
2022-03-26,44500.828125,3143.178955078125,124.88133239746094,101.7641830444336,85.95565032958984,415.9197998046875
2022-03-27,46820.4921875,3291.57763671875,129.39747619628906,107.08422088623048,89.82484436035156,430.5032653808594
2022-03-28,47128.00390625,3336.634521484375,127.93861389160156,106.46525573730467,89.60455322265625,430.390869140625
2022-03-29,47465.73046875,3401.98779296875,130.0612335205078,111.71031188964844,92.84088897705078,434.5056762695313
2022-03-30,47062.6640625,3385.157958984375,131.16934204101562,120.6994857788086,95.7799835205078,442.6848449707031
2022-03-31,45538.67578125,3281.642822265625,123.71601104736328,122.66146087646484,96.9246597290039,428.9161071777344
2022-04-01,46281.64453125,3449.55224609375,124.8831787109375,134.43093872070312,96.69318389892578,446.6042785644531
2022-04-02,45868.94921875,3445.059326171875,124.9234848022461,132.19886779785156,95.9732666015625,436.9553527832031
2022-04-03,46453.56640625,3522.83349609375,128.9462127685547,136.77532958984375,98.0777816772461,450.348876953125
2022-04-04,46622.67578125,3521.2412109375,124.86170196533205,132.41262817382812,95.5202178955078,447.5249328613281
2022-04-05,45555.9921875,3411.79248046875,123.21317291259766,126.86223602294922,91.0210952758789,445.172607421875
2022-04-06,43206.73828125,3171.69189453125,112.46133422851562,112.88338470458984,82.9559097290039,420.1463623046875
2022-04-07,43503.84765625,3233.274658203125,114.23019409179688,118.79651641845705,87.91970825195312,436.7967834472656
2022-04-08,42287.6640625,3192.073974609375,110.88206481933594,109.8008804321289,83.76922607421875,421.67724609375
2022-04-09,42782.13671875,3261.916259765625,112.77727508544922,112.97279357910156,84.5946273803711,427.1530456542969
2022-04-10,42207.671875,3211.866943359375,111.17377471923828,111.74243927001952,81.81646728515625,418.5906677246094
2022-04-11,39521.90234375,2981.05224609375,102.60739135742188,99.33910369873048,74.17261505126953,394.0868835449219
2022-04-12,40127.18359375,3030.37646484375,104.8284149169922,103.30638885498048,76.36006164550781,413.8739318847656
2022-04-13,41166.73046875,3118.34423828125,110.48245239257812,105.00194549560548,80.0019760131836,423.1301574707031
2022-04-14,39935.515625,3019.909423828125,107.41104125976562,100.70780181884766,76.81785583496094,414.6637268066406
2022-04-15,40553.46484375,3040.91650390625,111.10934448242188,101.30977630615234,77.43753814697266,417.2937316894531
2022-04-16,40424.484375,3062.310302734375,114.4307098388672,102.25731658935548,77.89026641845703,417.47845458984375
2022-04-17,39716.953125,2993.4033203125,109.04278564453124,100.40969848632812,75.70925903320312,407.3777160644531
2022-04-18,40826.21484375,3057.606689453125,111.22614288330078,102.15853118896484,77.7936782836914,416.9684143066406
2022-04-19,41502.75,3104.1064453125,113.81208801269533,108.58203125,80.28591918945312,422.3870544433594
2022-04-20,41374.37890625,3077.745849609375,111.9796905517578,105.49700164794922,78.27433013916016,418.354248046875
2022-04-21,40527.36328125,2987.480712890625,106.99798583984376,101.77613830566406,75.08074188232422,405.0214538574219
2022-04-22,39740.3203125,2964.835693359375,105.60062408447266,100.61205291748048,74.12296295166016,406.9875183105469
2022-04-23,39486.73046875,2938.114013671875,105.5043716430664,100.74443817138672,72.92001342773438,401.6524658203125
2022-04-24,39469.29296875,2922.732666015625,104.6226043701172,99.2357940673828,71.60303497314453,399.1053771972656
2022-04-25,40458.30859375,3009.3935546875,104.68701934814452,101.24763488769533,72.86742401123047,404.3502807617187
2022-04-26,38117.4609375,2808.29833984375,98.40467834472656,95.78215026855467,68.67205810546875,385.4830627441406
2022-04-27,39241.12109375,2888.9296875,100.53875732421876,98.37886810302734,69.85772705078125,391.4458312988281
2022-04-28,39773.828125,2936.94091796875,103.32334899902344,98.18572998046876,67.31945037841797,406.71820068359375
2022-04-29,38609.82421875,2815.601806640625,100.37800598144533,94.01134490966795,63.41709518432617,393.0621643066406
2022-04-30,37714.875,2730.186767578125,96.16598510742188,85.09593200683594,57.048004150390625,377.767822265625
2022-05-01,38469.09375,2827.756103515625,99.43577575683594,89.6715087890625,58.85614776611328,390.281982421875
2022-05-02,38529.328125,2857.410400390625,100.69322967529295,87.58101654052734,60.51710510253906,389.670654296875
2022-05-03,37750.453125,2783.476318359375,99.343017578125,85.84237670898438,59.66010665893555,383.4757995605469
2022-05-04,39698.37109375,2940.644775390625,106.27486419677734,92.7708511352539,67.08610534667969,402.5026550292969
2022-05-05,36575.140625,2749.213134765625,96.91891479492188,84.59602355957031,59.12744140625,378.7736206054687
2022-05-06,36040.921875,2694.979736328125,96.79175567626952,81.76410675048828,57.034324645996094,379.3042907714844
2022-05-07,35501.953125,2636.093017578125,94.5708999633789,78.9834213256836,55.15669250488281,365.6841125488281
2022-05-08,34059.265625,2517.4599609375,93.97643280029295,75.22018432617188,51.52122497558594,355.39874267578125
2022-05-09,30296.953125,2245.430419921875,77.9571533203125,63.2696533203125,41.972042083740234,299.34893798828125
2022-05-10,31022.90625,2343.510986328125,80.2268295288086,66.76615142822266,44.56028366088867,319.32696533203125
2022-05-11,28936.35546875,2072.108642578125,66.38880157470703,50.21084976196289,30.962865829467773,269.9627685546875
2022-05-12,29047.751953125,1961.7015380859375,64.40274810791016,44.683589935302734,30.35753631591797,269.4072570800781
2022-05-13,29283.103515625,2014.418212890625,67.96253967285156,48.59355163574219,32.13642883300781,290.5841979980469
2022-05-14,30101.265625,2056.27392578125,68.95030975341797,52.4172248840332,34.08252716064453,297.3876037597656
2022-05-15,31305.11328125,2145.706787109375,71.5303726196289,58.81126022338867,36.542335510253906,312.0077209472656
2022-05-16,29862.91796875,2022.7259521484375,67.21134948730469,53.646461486816406,32.571998596191406,297.7101135253906
2022-05-17,30425.857421875,2090.4091796875,72.96931457519531,57.12562561035156,34.396461486816406,305.96343994140625
2022-05-18,28720.271484375,1916.6561279296875,66.41563415527344,49.75621032714844,29.60548210144043,287.43878173828125
2022-05-19,30314.333984375,2018.336181640625,72.0966796875,52.2139778137207,30.37901496887207,306.79156494140625
2022-05-20,29200.740234375,1961.315673828125,68.65829467773438,49.53850936889648,28.953659057617188,302.3592224121094
2022-05-21,29432.2265625,1974.518310546875,69.7057876586914,50.3179817199707,29.86665153503418,312.4660339355469
2022-05-22,30323.72265625,2043.170166015625,71.77400207519531,52.75518035888672,31.807361602783203,319.6090087890625
2022-05-23,29098.91015625,1972.181884765625,69.01275634765625,49.05685043334961,29.02623176574707,316.76055908203125
2022-05-24,29655.5859375,1978.9827880859375,70.32154846191406,49.65333557128906,29.02564811706543,328.1893310546875
2022-05-25,29562.361328125,1944.827880859375,68.31311798095703,47.982425689697266,27.22537612915039,325.73480224609375
2022-05-26,29267.224609375,1803.913330078125,63.8281364440918,43.4912109375,23.550029754638672,304.96392822265625
2022-05-27,28627.57421875,1724.9228515625,61.56392288208008,40.981346130371094,22.418622970581055,300.9720458984375
2022-05-28,28814.900390625,1757.9417724609375,62.31327819824219,44.343162536621094,24.839765548706055,307.8154296875
2022-05-29,29445.95703125,1812.031005859375,63.74662780761719,44.90961456298828,26.12006950378418,305.9750671386719
2022-05-30,31726.390625,1996.4412841796875,69.12091827392578,47.179443359375,27.632150650024418,321.7528991699219
2022-05-31,31792.310546875,1942.3280029296875,68.41138458251953,45.76784133911133,26.38993263244629,320.485107421875
2022-06-01,29799.080078125,1823.5693359375,62.96781921386719,40.26966857910156,23.800512313842773,300.5040588378906
2022-06-02,30467.48828125,1834.1505126953125,64.45135498046875,40.8913459777832,24.677284240722656,308.1017761230469
2022-06-03,29704.390625,1775.07861328125,62.65926361083984,38.259220123291016,23.005441665649418,298.39788818359375
2022-06-04,29832.9140625,1801.6094970703125,63.74738311767578,38.93144607543945,24.532329559326172,301.6311340332031
2022-06-05,29906.662109375,1805.2049560546875,63.2078742980957,38.48053359985352,24.164182662963867,298.9347229003906
2022-06-06,31370.671875,1859.2896728515625,64.41727447509766,42.43313217163086,25.98859214782715,295.3960266113281
2022-06-07,31155.478515625,1814.04833984375,63.90550994873047,39.43757247924805,24.63542938232422,290.34112548828125
2022-06-08,30214.35546875,1793.572265625,61.54667663574219,38.84336853027344,24.500253677368164,288.6160888671875
2022-06-09,30111.998046875,1789.8260498046875,60.215972900390625,39.97260665893555,24.410659790039062,289.9196472167969
2022-06-10,29083.8046875,1665.042236328125,56.658416748046875,37.08976745605469,22.07607078552246,286.04669189453125
2022-06-11,28360.810546875,1529.6634521484375,52.29166030883789,33.82111740112305,19.798967361450195,269.48699951171875
2022-06-12,26762.6484375,1445.216552734375,48.228904724121094,30.74327087402344,17.387441635131836,255.9508819580078
2022-06-13,22487.388671875,1204.582763671875,43.30030059814453,28.19236183166504,16.019935607910156,222.5057830810547
2022-06-14,22206.79296875,1211.662841796875,46.13201522827149,29.714618682861328,16.54035186767578,223.22125244140625
2022-06-15,22572.83984375,1233.2064208984375,50.49177169799805,34.48794174194336,18.21199607849121,233.3967132568359
2022-06-16,20381.650390625,1067.730712890625,44.6997184753418,29.989742279052734,15.73227596282959,209.5387420654297
2022-06-17,20471.482421875,1086.519287109375,47.684913635253906,30.742919921875,16.00944709777832,215.8917999267578
2022-06-18,19017.642578125,993.6367797851562,47.247257232666016,31.80793571472168,14.841096878051758,197.04299926757812
2022-06-19,20553.271484375,1127.656494140625,54.32316589355469,34.24374771118164,16.18973731994629,214.9205322265625
2022-06-20,20599.537109375,1127.6424560546875,52.90559387207031,35.4171142578125,17.137866973876953,216.93426513671875
2022-06-21,20710.59765625,1124.8245849609375,53.5076789855957,36.12115859985352,16.85599708557129,219.4986267089844
2022-06-22,19987.029296875,1051.421875,52.10539245605469,34.12163543701172,16.07598876953125,214.2619171142578
2022-06-23,21085.876953125,1143.38671875,55.76283264160156,38.17523193359375,18.290050506591797,228.95375061035156
2022-06-24,21231.65625,1226.8447265625,55.99228286743164,42.2120475769043,20.54885482788086,240.23831176757812
2022-06-25,21502.337890625,1243.4468994140625,58.96992874145508,42.33281326293945,21.366357803344727,239.6906585693359
2022-06-26,21027.294921875,1199.8316650390625,56.87614440917969,39.40808868408203,19.692432403564453,233.85874938964844
2022-06-27,20735.478515625,1193.6806640625,55.92555618286133,38.45125198364258,19.31756591796875,233.65402221679688
2022-06-28,20280.634765625,1144.5792236328125,52.81161117553711,35.326438903808594,18.120983123779297,226.9273376464844
2022-06-29,20104.0234375,1098.94384765625,53.42253875732422,33.8739013671875,17.5980167388916,219.2844696044922
2022-06-30,19784.7265625,1067.298828125,53.64842987060547,33.588417053222656,16.929367065429688,219.3000946044922
2022-07-01,19269.3671875,1059.767333984375,51.11524200439453,32.803070068359375,16.085920333862305,216.0154571533203
2022-07-02,19242.255859375,1066.5128173828125,50.48544692993164,33.35940933227539,16.336135864257812,218.0352325439453
2022-07-03,19297.076171875,1073.7669677734375,50.97217559814453,33.38593292236328,16.660402297973633,218.98031616210935
2022-07-04,20231.26171875,1151.05908203125,52.24381637573242,36.785030364990234,17.939966201782227,231.5741271972656
2022-07-05,20190.115234375,1134.541015625,49.83059310913086,35.39555358886719,18.06472969055176,230.8463592529297
2022-07-06,20548.24609375,1186.9739990234375,50.361087799072266,37.07356262207031,19.147266387939453,238.49993896484375
2022-07-07,21637.587890625,1237.5933837890625,52.14289474487305,38.518306732177734,20.23383903503418,241.5445098876953
2022-07-08,21731.1171875,1222.5062255859375,51.5649528503418,38.286720275878906,19.79790687561035,240.7507171630859
2022-07-09,21592.20703125,1216.978271484375,54.16061782836914,38.07196044921875,19.91847801208496,243.24107360839844
2022-07-10,20860.44921875,1168.401611328125,52.16814041137695,36.697608947753906,19.152053833007812,234.65557861328125
2022-07-11,19970.556640625,1097.236572265625,48.77458953857422,33.463600158691406,17.374582290649414,225.85850524902344
2022-07-12,19323.9140625,1038.191650390625,47.54238510131836,32.75759506225586,16.84541130065918,220.4645538330078
2022-07-13,20212.07421875,1113.587158203125,49.56312561035156,34.91093826293945,18.80950355529785,230.52476501464844
2022-07-14,20569.919921875,1191.5262451171875,51.218807220458984,37.10782241821289,19.72987365722656,238.1644744873047
2022-07-15,20836.328125,1233.129150390625,51.798065185546875,37.41592788696289,19.38603782653809,238.5739898681641
2022-07-16,21190.31640625,1352.62646484375,55.12516403198242,39.57412338256836,21.21149253845215,249.5938720703125
2022-07-17,20779.34375,1338.6357421875,55.72135162353515,38.64472198486328,20.605005264282227,247.84848022460935
2022-07-18,22485.689453125,1578.7178955078125,58.62628936767578,43.74615859985352,24.08971405029297,264.88604736328125
2022-07-19,23389.43359375,1542.9752197265625,57.98419952392578,44.89987564086914,24.737207412719727,268.81732177734375
2022-07-20,23231.732421875,1520.20068359375,57.23776626586914,42.09366989135742,23.59771728515625,258.33880615234375
2022-07-21,23164.62890625,1576.74951171875,58.099822998046875,43.19059371948242,25.04392433166504,265.4625549316406
2022-07-22,22714.978515625,1537.4051513671875,56.17611312866211,40.61850357055664,23.715850830078125,262.87744140625
2022-07-23,22465.478515625,1549.2974853515625,56.42631912231445,40.040977478027344,23.646005630493164,259.4630126953125
2022-07-24,22609.1640625,1599.4766845703125,58.48570251464844,41.00658416748047,23.86612319946289,261.8648681640625
2022-07-25,21361.701171875,1445.3834228515625,54.36627578735352,36.71199798583984,20.975677490234375,245.14849853515625
2022-07-26,21239.75390625,1441.8067626953125,53.7901725769043,36.19085311889648,20.668285369873047,248.9583740234375
2022-07-27,22930.548828125,1636.232666015625,58.95100402832031,40.3078498840332,23.418182373046875,271.5043640136719
2022-07-28,23843.88671875,1725.4681396484375,63.46399688720703,42.84526824951172,24.237096786499023,277.2939147949219
2022-07-29,23804.6328125,1727.406982421875,60.92249298095703,41.926998138427734,24.522363662719727,293.9533386230469
2022-07-30,23656.20703125,1695.969482421875,60.44015121459961,43.755889892578125,24.228477478027344,287.5361328125
2022-07-31,23336.896484375,1681.517333984375,59.90950775146485,42.400203704833984,23.74578285217285,283.5794677734375
2022-08-01,23314.19921875,1635.19580078125,59.53544616699219,41.78648376464844,23.65823554992676,283.53948974609375
2022-08-02,22978.1171875,1632.9454345703125,58.24385452270508,39.7545051574707,22.86105728149414,283.82098388671875
2022-08-03,22846.5078125,1618.87451171875,57.80519104003906,38.54441833496094,23.071916580200195,298.3567810058594
2022-08-04,22630.95703125,1608.205810546875,59.848575592041016,38.83067321777344,23.375619888305664,310.7060546875
2022-08-05,23289.314453125,1732.254638671875,62.40127182006836,40.561031341552734,24.949527740478516,315.185546875
2022-08-06,22961.279296875,1691.6580810546875,60.91834259033203,40.0570068359375,26.659427642822266,315.06890869140625
2022-08-07,23175.890625,1699.350830078125,61.1023063659668,40.6055908203125,27.889965057373047,322.921142578125
2022-08-08,23809.486328125,1775.51611328125,62.59212875366211,42.17055130004883,27.94895362854004,324.8004150390625
2022-08-09,23164.318359375,1703.0250244140625,59.2599983215332,40.37262344360352,27.420223236083984,324.9123229980469
2022-08-10,23947.642578125,1851.74267578125,61.603851318359375,42.365867614746094,29.1173095703125,328.4711608886719
2022-08-11,23957.529296875,1881.22412109375,61.90461349487305,42.8217887878418,28.55514335632324,323.80023193359375
2022-08-12,24402.818359375,1957.2464599609375,62.932228088378906,45.33475875854492,29.343828201293945,327.5146789550781
2022-08-13,24424.068359375,1981.3365478515625,63.7535285949707,46.485347747802734,29.108469009399418,323.8701477050781
2022-08-14,24319.333984375,1936.802001953125,63.30875778198242,44.91656875610352,28.215635299682617,317.98663330078125
2022-08-15,24136.97265625,1904.2281494140625,60.82551574707031,43.82322311401367,27.92951011657715,319.8872985839844
2022-08-16,23883.291015625,1878.139404296875,61.34233856201172,43.15880584716797,27.16270446777344,316.4236755371094
2022-08-17,23335.998046875,1832.9996337890625,60.3741569519043,40.403053283691406,25.486738204956055,306.63641357421875
2022-08-18,23212.73828125,1847.0078125,60.04568862915039,39.54523086547851,24.25769805908203,298.1412353515625
2022-08-19,20877.552734375,1612.9873046875,54.0316276550293,35.8902587890625,22.487878799438477,279.7187194824219
2022-08-20,21166.060546875,1577.0037841796875,54.18755340576172,35.26973342895508,22.302879333496097,283.6931457519531
2022-08-21,21534.12109375,1619.3189697265625,55.49202728271485,36.533199310302734,22.977310180664062,302.0562744140625
2022-08-22,21398.908203125,1622.505859375,57.25567626953125,35.47438049316406,22.58142471313477,300.5591125488281
2022-08-23,21528.087890625,1662.7698974609375,57.07943344116211,35.6462516784668,23.52440071105957,299.0299377441406
2022-08-24,21395.01953125,1657.0592041015625,56.47816848754883,34.957916259765625,23.024131774902344,296.4496765136719
2022-08-25,21600.904296875,1696.45703125,56.79257583618164,35.316463470458984,23.02031707763672,301.5836486816406
2022-08-26,20260.01953125,1507.7828369140625,52.74444961547851,31.726362228393555,20.59803009033203,279.5981750488281
2022-08-27,20041.73828125,1491.39501953125,53.05023956298828,31.54243278503418,20.0777587890625,277.80157470703125
2022-08-28,19616.814453125,1430.54736328125,53.61201858520508,30.39228630065918,18.430381774902344,276.2508850097656
2022-08-29,20297.994140625,1553.037353515625,55.77189254760742,32.46529769897461,19.34901428222656,286.2214050292969
2022-08-30,19796.80859375,1523.8388671875,53.05681228637695,31.41205596923828,19.34550666809082,281.42535400390625
2022-08-31,20049.763671875,1553.6849365234375,53.85666275024414,31.47295570373535,19.128339767456055,279.23809814453125
2022-09-01,20127.140625,1586.1767578125,57.52796936035156,31.585678100585938,19.306751251220703,278.417236328125
2022-09-02,19969.771484375,1577.220458984375,61.04099655151367,31.227930068969727,18.860631942749023,277.4161071777344
2022-09-03,19832.087890625,1556.8726806640625,60.134803771972656,31.10948371887207,18.875083923339844,277.77557373046875
2022-09-04,19986.712890625,1577.6416015625,60.90089416503906,32.106956481933594,19.00500106811523,278.84185791015625
2022-09-05,19812.37109375,1617.1832275390625,60.416404724121094,32.19464874267578,19.426530838012695,276.6859130859375
2022-09-06,18837.66796875,1561.74853515625,54.31306076049805,30.891742706298828,18.21985626220703,262.66839599609375
2022-09-07,19290.32421875,1629.9063720703125,57.41590118408203,32.71091842651367,19.032773971557617,278.7613220214844
2022-09-08,19329.833984375,1635.34765625,58.00325775146485,33.608646392822266,19.123456954956055,280.5774841308594
2022-09-09,21381.15234375,1719.08544921875,61.23288345336914,34.73976516723633,20.400781631469727,293.4071350097656
2022-09-10,21680.5390625,1776.2037353515625,63.431644439697266,35.12672805786133,20.497501373291016,296.96905517578125
2022-09-11,21769.255859375,1761.800048828125,62.24362564086914,34.96596145629883,20.658855438232425,295.161865234375
2022-09-12,22370.44921875,1713.7652587890625,61.36201477050781,37.4241828918457,21.348209381103516,293.6587219238281
2022-09-13,20296.70703125,1580.7879638671875,59.10230255126953,33.430816650390625,19.06827163696289,277.5769348144531
2022-09-14,20241.08984375,1634.7550048828125,60.14519119262695,34.09157180786133,19.120759963989254,279.3858642578125
2022-09-15,19701.2109375,1471.6934814453125,56.35026168823242,33.04768371582031,18.186092376708984,270.806884765625
2022-09-16,19772.583984375,1432.44775390625,55.844261169433594,32.208858489990234,18.05659866333008,274.6545715332031
2022-09-17,20127.576171875,1469.74169921875,57.81655502319336,33.75077819824219,18.483089447021484,279.24932861328125
2022-09-18,19419.505859375,1335.3291015625,52.84428405761719,31.05985450744629,16.732431411743164,266.31317138671875
2022-09-19,19544.12890625,1377.5413818359375,52.87487030029297,32.685302734375,17.304716110229492,272.06982421875
2022-09-20,18890.7890625,1324.38818359375,52.36106491088867,31.433040618896484,16.66739845275879,266.3695983886719
2022-09-21,18547.400390625,1252.6077880859375,51.236183166503906,30.826377868652344,16.61811637878418,264.7920837402344
2022-09-22,19413.55078125,1327.68017578125,53.51061248779297,32.408905029296875,17.690845489501953,275.5002746582031
2022-09-23,19297.638671875,1328.259521484375,55.08971405029297,33.6766357421875,17.959775924682617,276.6262512207031
2022-09-24,18937.01171875,1317.9932861328125,53.5192985534668,33.462650299072266,17.623594284057617,275.1353759765625
2022-09-25,18802.09765625,1294.216796875,52.63199996948242,32.33536148071289,17.33123016357422,274.0612487792969
2022-09-26,19222.671875,1335.3201904296875,53.43206405639648,33.88055419921875,17.542062759399414,275.9278564453125
2022-09-27,19110.546875,1330.127685546875,52.73725891113281,32.75012969970703,17.30769157409668,272.40155029296875
2022-09-28,19426.720703125,1337.410888671875,53.30842590332031,33.23543930053711,17.25748634338379,281.7812194824219
2022-09-29,19573.05078125,1335.65234375,53.91404724121094,33.952449798583984,17.3486385345459,283.7890319824219
2022-09-30,19431.7890625,1327.9786376953125,53.39703750610352,33.21244430541992,17.196197509765625,284.1922912597656
2022-10-01,19312.095703125,1311.6444091796875,52.90686798095703,32.46939468383789,16.970863342285156,282.8719177246094
2022-10-02,19044.107421875,1276.093505859375,51.9116325378418,32.05569839477539,16.53337860107422,284.43310546875
2022-10-03,19623.580078125,1323.439208984375,54.17620849609375,32.967620849609375,17.16819190979004,287.031982421875
2022-10-04,20336.84375,1362.1265869140625,55.2984619140625,34.12247085571289,17.440378189086914,296.2984619140625
2022-10-05,20160.716796875,1352.837158203125,54.579307556152344,34.073883056640625,17.373703002929688,294.1376647949219
2022-10-06,19955.443359375,1351.70947265625,53.49364471435547,33.34281921386719,17.037782669067383,286.6341552734375
2022-10-07,19546.849609375,1332.5169677734375,52.866939544677734,33.00146484375,16.90461540222168,283.18267822265625
2022-10-08,19416.568359375,1315.50048828125,52.79837417602539,32.57793426513672,16.785358428955078,276.4695739746094
2022-10-09,19446.42578125,1322.604248046875,53.910037994384766,32.913883209228516,16.903053283691406,278.2380676269531
2022-10-10,19141.484375,1291.337646484375,52.75587463378906,31.970834732055664,16.238502502441406,271.8060607910156
2022-10-11,19051.41796875,1279.57568359375,52.0184211730957,30.77686882019043,15.951668739318848,271.37139892578125
2022-10-12,19157.4453125,1294.9063720703125,52.22134780883789,31.16548538208008,15.961630821228027,270.97100830078125
2022-10-13,19382.904296875,1288.1239013671875,51.24348449707031,30.544519424438477,15.671713829040527,271.8514099121094
2022-10-14,19185.65625,1297.422119140625,51.3155632019043,30.007417678833008,15.68238353729248,269.5671691894531
2022-10-15,19067.634765625,1274.8717041015625,50.469181060791016,29.575347900390625,15.440478324890137,268.4040832519531
2022-10-16,19268.09375,1306.296630859375,51.480918884277344,30.168840408325195,15.755318641662598,272.51995849609375
2022-10-17,19550.7578125,1331.713623046875,51.84383773803711,31.224876403808594,16.18509864807129,275.5125732421875
2022-10-18,19334.416015625,1310.447021484375,51.87700271606445,30.164331436157227,15.871760368347168,273.2145690917969
2022-10-19,19139.53515625,1285.7442626953125,50.98663330078125,28.900798797607425,15.107032775878906,271.9813537597656
2022-10-20,19053.740234375,1283.200927734375,51.19100189208984,28.08509635925293,15.187332153320312,269.2712707519531
2022-10-21,19172.46875,1299.9464111328125,51.62337112426758,28.10867691040039,15.69028663635254,270.0384216308594
2022-10-22,19208.189453125,1314.2991943359375,52.180171966552734,28.01386260986328,15.683671951293944,270.4794921875
2022-10-23,19567.0078125,1363.447021484375,53.95036697387695,29.27007102966309,16.30229377746582,276.0081787109375
2022-10-24,19345.572265625,1344.99853515625,52.569244384765625,28.3100643157959,15.759552001953123,273.9774169921875
2022-10-25,20095.857421875,1461.6654052734375,56.02515411376953,30.93997573852539,16.668628692626953,284.4325256347656
2022-10-26,20770.44140625,1566.566650390625,56.39167785644531,31.28472137451172,17.015155792236328,290.3769836425781
2022-10-27,20285.8359375,1514.3748779296875,54.80760955810547,30.630624771118164,16.913970947265625,286.8441162109375
2022-10-28,20595.3515625,1555.4779052734375,55.00389862060547,32.111263275146484,18.340309143066406,298.0141906738281
2022-10-29,20818.4765625,1619.698486328125,56.49617767333984,32.85712814331055,18.307973861694336,304.21795654296875
2022-10-30,20635.603515625,1590.7833251953125,55.38955307006836,32.9659309387207,18.265605926513672,313.7547912597656
2022-10-31,20495.7734375,1572.7144775390625,55.084434509277344,32.61103820800781,19.311609268188477,326.3607177734375
2022-11-01,20485.2734375,1579.70458984375,55.12718963623047,32.2484245300293,18.66878318786621,324.5794372558594
2022-11-02,20159.50390625,1519.7117919921875,60.558467864990234,30.788076400756836,17.897476196289062,320.1505432128906
2022-11-03,20209.98828125,1531.541748046875,61.92131423950195,30.84387969970703,18.04765510559082,329.71697998046875
2022-11-04,21147.23046875,1645.0933837890625,67.59659576416016,33.780853271484375,19.39575958251953,354.4063720703125
2022-11-05,21282.69140625,1627.968017578125,69.72119903564453,36.76576232910156,19.603248596191406,349.25372314453125
2022-11-06,20926.486328125,1572.2347412109375,68.08605194091797,32.6835823059082,18.27923011779785,339.3893737792969
2022-11-07,20602.81640625,1568.59130859375,67.65226745605469,29.60134506225586,18.06842041015625,337.0145568847656
2022-11-08,18541.271484375,1332.8355712890625,57.39180374145508,24.152936935424805,15.991604804992676,327.6902770996094
2022-11-09,15880.7802734375,1100.1697998046875,50.65857696533203,13.94085693359375,12.917875289916992,266.8531188964844
2022-11-10,17586.771484375,1299.464599609375,60.361053466796875,17.681407928466797,15.38650608062744,304.0800476074219
2022-11-11,17034.29296875,1287.2210693359375,61.24228286743164,16.326745986938477,14.095545768737791,289.820556640625
2022-11-12,16799.185546875,1255.268310546875,59.85555267333984,14.53900146484375,13.06407070159912,282.3412780761719
2022-11-13,16353.365234375,1221.8192138671875,57.48717498779297,13.164528846740724,13.052020072937012,276.5794372558594
2022-11-14,16618.19921875,1241.604248046875,56.546199798583984,14.00135612487793,13.10676383972168,278.57843017578125
2022-11-15,16884.61328125,1251.7362060546875,58.00726318359375,14.301294326782228,13.49658203125,276.8740234375
2022-11-16,16669.439453125,1215.6025390625,57.51642227172851,14.285508155822754,13.078482627868652,272.08160400390625
2022-11-17,16687.517578125,1200.80859375,62.48411560058594,13.638734817504885,12.889345169067385,267.91131591796875
2022-11-18,16697.77734375,1212.30029296875,62.64376449584961,13.247496604919434,12.989431381225586,273.91998291015625
2022-11-19,16711.546875,1218.4267578125,63.81239700317383,12.851014137268066,12.882172584533691,272.3976745605469
2022-11-20,16291.83203125,1142.4666748046875,62.00232696533203,12.252833366394045,12.196779251098633,264.2351379394531
2022-11-21,15787.2841796875,1108.35302734375,61.37348937988281,11.846208572387695,11.834380149841309,254.1682586669922
2022-11-22,16189.76953125,1135.1734619140625,70.44279479980469,12.435625076293944,12.322193145751951,266.3243408203125
2022-11-23,16610.70703125,1183.1995849609375,79.00006866455078,14.35151195526123,13.031652450561523,297.8474426269531
2022-11-24,16604.46484375,1203.983154296875,78.83014678955078,14.582350730895996,12.94083309173584,300.4278259277344
2022-11-25,16521.841796875,1198.9259033203125,74.02890014648438,14.063138008117676,12.828289031982422,300.57769775390625
2022-11-26,16464.28125,1205.89794921875,76.37289428710938,14.159193992614746,12.75235652923584,311.3884582519531
2022-11-27,16444.626953125,1195.126953125,75.04431915283203,14.115766525268556,12.876786231994627,307.4292907714844
2022-11-28,16217.322265625,1170.086181640625,74.12022399902344,13.404518127441406,12.457791328430176,293.5272521972656
2022-11-29,16444.982421875,1216.9012451171875,75.98377227783203,13.369733810424805,12.47298812866211,295.4981689453125
2022-11-30,17168.56640625,1295.6885986328125,79.2977066040039,14.115445137023926,13.157401084899902,300.7943420410156
2022-12-01,16967.1328125,1276.27392578125,77.51800537109375,13.480968475341797,12.887733459472656,292.0162048339844
2022-12-02,17088.66015625,1294.3033447265625,77.95148468017578,13.7156400680542,13.58639907836914,293.5274963378906
2022-12-03,16908.236328125,1243.3348388671875,76.59791564941406,13.302457809448242,13.431282043457031,290.5631408691406
2022-12-04,17130.486328125,1280.256591796875,77.21428680419922,13.718218803405762,13.925615310668944,292.2882995605469
2022-12-05,16974.826171875,1259.6767578125,80.26353454589844,13.8311128616333,13.60273265838623,288.4742736816406
2022-12-06,17089.50390625,1271.65380859375,79.92121887207031,14.288854598999023,13.666421890258787,290.3544616699219
2022-12-07,16848.126953125,1232.4375,77.03605651855469,13.5196533203125,13.264047622680664,284.284423828125
2022-12-08,17233.474609375,1281.1163330078125,78.3898696899414,13.68922233581543,13.40671443939209,290.53717041015625
2022-12-09,17133.15234375,1264.2847900390625,76.33456420898438,13.580187797546388,13.451823234558104,286.0904235839844
2022-12-10,17128.724609375,1266.3841552734375,76.3709945678711,13.576995849609377,13.480047225952148,288.1252136230469
2022-12-11,17104.193359375,1263.8685302734375,76.6280517578125,13.427809715270996,12.995100021362305,284.3904113769531
2022-12-12,17206.4375,1274.6190185546875,76.22152709960938,13.318544387817385,12.991484642028809,276.2781982421875
2022-12-13,17781.318359375,1320.5491943359375,77.344482421875,13.833986282348633,13.728175163269045,271.9516906738281
2022-12-14,17815.650390625,1309.3287353515625,75.47586059570312,14.140525817871094,13.72756004333496,268.2315368652344
2022-12-15,17364.865234375,1266.3538818359375,72.3354721069336,14.02151107788086,13.170801162719728,258.2737121582031
2022-12-16,16647.484375,1168.2593994140625,66.32679748535156,12.266606330871582,11.846814155578612,231.23243713378903
2022-12-17,16795.091796875,1188.1495361328125,64.9578857421875,12.504404067993164,11.963336944580078,242.52928161621097
2022-12-18,16757.9765625,1184.7152099609375,64.55413055419922,12.41312026977539,11.92267894744873,251.15638732910156
2022-12-19,16439.6796875,1167.60986328125,63.3414306640625,11.932655334472656,11.382280349731444,240.6578063964844
2022-12-20,16906.3046875,1217.70361328125,65.74638366699219,12.28051471710205,11.96780490875244,251.7445373535156
2022-12-21,16817.53515625,1213.5999755859375,65.39140319824219,12.128985404968262,11.696436882019045,246.04698181152344
2022-12-22,16830.341796875,1218.18212890625,66.15167236328125,11.794829368591309,11.84343147277832,245.890625
2022-12-23,16796.953125,1220.159423828125,65.77222442626953,11.786166191101074,11.781726837158203,246.1481781005859
2022-12-24,16847.755859375,1221.1485595703125,65.77478790283203,11.444275856018066,11.680429458618164,244.63552856445312
2022-12-25,16841.986328125,1218.9620361328125,69.20626831054688,11.387903213500977,11.684593200683594,243.14149475097656
2022-12-26,16919.8046875,1226.974365234375,70.68474578857422,11.306611061096191,11.72385597229004,244.1982879638672
2022-12-27,16717.173828125,1212.7916259765625,68.74790954589844,11.085430145263672,11.646395683288574,246.5966796875
2022-12-28,16552.572265625,1189.986083984375,66.33906555175781,9.755906105041504,11.202914237976074,244.1419219970703
2022-12-29,16642.341796875,1201.5953369140625,66.7510757446289,9.651782989501951,10.992694854736328,246.4797210693359
2022-12-30,16602.5859375,1199.2327880859375,67.99403381347656,9.880176544189451,10.870248794555664,245.7792205810547
